1《四是四》,《说话》,《古朗月行》,《小小的船》,《大小多少》,《小书包》,《日月明》,《复习一》,《大还是小》,《过马路》
对,话,古,挂,飞,书,日,说,自,马
花,地,李,河,多,刀,力,也,口,鸟
去,你,白,大,贝,笔,边,他,日,灯
鹅,他,玉,飞,刀,包,目,你,目,行
白,比,台,贝,果,多,小,田,白,要
家,杯,飞,杯,力,少,尘,尖,到,看
的,贝,雨,比,大,果,人,牛,田,清
木,飞,花,话,七,牛,三,多,听,青
几,挂,去,也,挂,头,心,月,李,有
了,河,我,地,杯,只,金,河,玉,走
来,大,家,他,四,口,土,是,台,记
力,来,的,你,八,好,是,四,又,己
马,力,木,她,出,你,条,十,时,心
妈,马,鱼,无,木,挂,森,挂,古,间
飞,几,几,八,比,出,木,少,们,李
八,木,力,不,子,河,二,果,门,时
不,家,大,马,河,小,尖,尘,雷,玉
挂,去,来,妈,是,杯,白,好,雪,又
河,鹅,米,力,花,是,刀,们,雨,在
贝,对,无,来,水,说,田,地,己,台
比,七,挂,家,十,话,月,话,有,双
,,,,,,,,在,左
,,,,,,,,石,右
,,,,,,,,山,石
